Name,Email,Password,Program
"","portiamuzenda8@gmail.com","********",""
"","franktracii@gmail.com","********",""
"","gracioushanjalika7@gmail.com","********",""
"","molikoemdix@gmail.com","********",""
"","harrisonmwelela@gmail.com","********",""
"","amanaugbede3@gmail.com","********",""
"","autocompltd@gmail.com","********",""
"","matakalasinyumbula@gmail.com","********",""
"","kenpasha369@gmail.com","********",""
"","saboitshiamo@gmail.com","********",""
"","danielchirinda10@gmail.com","********",""
"","tafadzwa2009@gmail.com","********",""
"","darlingtonmalambo1@gmail.com","********",""
"","chapewavellem6@gmail.com","********",""
"","morgansinalumbu@gmail.com","********",""
"","armandophillimon@gmail.com","********",""
"","ntandakakakoma@gmail.com","********",""
"","adrewmadzimure@gmail.com","********",""
"","drpatelo@gmail.com","********",""
"","nickson.malambo@gmail.com","********",""
"","siamenjavwa97@gmail.com","********",""
"","thabanibaleni984@gmail.com","********",""
"","samsonmubanga@gmail.com","********",""
"","mapasekasehole@gmail.com","********",""
"","couragemutepfa@gmail.com","********",""
"","mgina.mgina2014@gmail.com","********",""
"","kabandama8@gmail.com","********",""
"","lulutamaramba@gmail.com","********",""
"","raphaelkisho@gmail.com","********",""
"","moyohaniso@gmail.com","********",""
"","maswililisivan@gmail.com","********",""
"","veronicatuly@gmail.com","********",""
"","mirriamnams11@gmail.com","********",""
"","bklanganani@gmail.com","********",""
"","bamililimalabe10@gmail.com","********",""
"","marambobrian1@gmail.com","********",""
"","mphe.maopsy@gmail.com","********",""
"","gboboszb@gmail.com","********",""
"","munyalicious2@gmail.com","********",""
"","wchillawoh22@gmail.com","********",""
"","nghinyenenwatomass@gmail.com","********",""
"","tauraibanana1@gmail.com","********",""
"","memorychiende@gmail.com","********",""
"","mjlefosa@gmail.com","********",""
"","cchipo76@gmail.com","********",""
"","robertchanda15@gmail.com","********",""
"","letsemaranthocha@gmail.com","********",""
"","lunguesther981@gmail.com","********",""
"","elijahnyamaz@gmail.com","********",""
"","sinyangweb17@gmail.com","********",""
"","zakachachipa@gmail.com","********",""
"","robbymanda@gmail.com","********",""
"","maybinmusole@gmail.com","********",""
"","lintenkahwat28@gmail.com","********",""
"","innocencianooker@gmail.com","********",""
"","chombawerner4@gmail.com","********",""
"","phirimumba24@gmail.com","********",""
"","peterakime867@gmail.com","********",""
"","odetorbuumba161@gmail.com","********",""
"","mbimba007@gmail.com","********",""
"","amorce.simfukwe.ics@gmail.com","********",""
"","dladlamnakekeli@gmail.com","********",""
"","tafadzwamoyosin@gmail.com","********",""
"","leonardlekgowembps@gmail.com","********",""
"","willwar552@gmail.com","********",""
"","simonbchintu@gmail.com","********",""
"","samke.hleta@gmail.com","********",""
"","mwaresenivalerie@gmail.com","********",""
"","gmosia2014@gmail.com","********",""
"","matthewswalichupah@gmail.com","********",""
"","jimutafadzwa626@gmail.com","********",""
"","tichkamba@gmail.com","********",""
"","melvinmutemwa06@gmail.com","********",""
"","mushunjeaaron@gmail.com","********",""
"","gmoonga@gmail.com","********",""
"","sprilasandra@gmail.com","********",""
"","murindagomof@gmail.com","********",""
"","babahissanah@gmail.com","********",""
"","dannymusongole0@gmail.com","********",""
"","boikhutsomabuku@gmail.com","********",""
"","lucymanyopo@gmail.com","********",""
"","walusunguc@gmail.com","********",""
"","mncedisavuma@gmail.com","********",""
"","seciliadavid@gmail.com","********",""
"","nosiahmusatunya3@gmail.com","********",""
"","chizapm@gmail.com","********",""
"","eddienkonde79@gmail.com","********",""
"","jsaka274@gmail.com","********",""
"","uppe.zalira@gmail.com","********",""
"","vishavybz@gmail.com","********",""
"","ugwujoe56@gmail.com","********",""
"","bvupajenacornwell@gmail.com","********",""
"","wisdompackson@gmail.com","********",""
"","mirrikaphiri@gmail.com","********",""
"","fbgreyson@gmail.com","********",""
"","benson-shilia@gmail.com","********",""
"","simelanecharlie2@gmail.com","********",""
"","chimombetiffany@gmail.com","********",""
"","erkiezantusi@gmail.com","********",""
"","msmasara7@gmail.com","********",""
"","chakakasera@gmail.com","********",""
"","carsongondwe@gmail.com","********",""
"","khuluoelikopo@gmail.com","********",""
"","bakuwahope2022@gmail.com","********",""
"","josh9003n@gmail.com","********",""
"","kevinngwali@gmail.com","********",""
"","jsanele53@gmail.com","********",""
"","joelfari1993@gmail.com","********",""
"","nqabayezwe@gmail.com","********",""
"","tatendamuzarabani16@gmail.com","********",""
"","nkuebelikano@gmail.com","********",""
"","mubitag623@gmail.com","********",""
"","mugalahezron2@gmail.com","********",""
"","tnletlela@gmail.com","********",""
"","nandylubasi@gmail.com","********",""
"","simusikafrancis10@gmail.com","********",""
"","chrisonionsfarm@gmail.com","********",""
"","shapileba@gmail.com","********",""
"","caristosumbukeni187@gmail.com","********",""
"","ropondamba@gmail.com","********",""
"","joelndiye@gmail.com","********",""
"","nicholaskatapazi2003@gmail.com","********",""
"","besavernonchipongo@gmail.com","********",""
"","patriciasakala90@gmail.com","********",""
"","towelagnyirenda@gmail.com","********",""
"","t2tjakata@gmail.com","********",""
"","benhildamtiza5@gmail.com","********",""
"","sefuthitp7@gmail.com","********",""
"","tadiwanasheleeroyc@gmail.com","********",""
"","tadiwanashel90@gmail.com","********",""
"","peacetoriso@gmail.com","********",""
"","bakangfredrickrasedibo@gmail.com","********",""
"","muwowomasida@gmail.com","********",""
"","banjikalubi@gmail.com","********",""
"","mumunigel@gmail.com","********",""
"","faithnakutepa5@gmail.com","********",""
"","neversmoonga33@gmail.com","********",""
"","pierrekanyembo@gmail.com","********",""
"","morrisonjackphiri@gmail.com","********",""
"","jojoestate01@gmail.com","********",""
"","segakweng.motsumi@gmail.com","********",""
"","oppblockbally@gmail.com","********",""
"","kalipo.simposya@gmail.com","********",""
"","simachainapatrick2@gmail.com","********",""
"","cshepherdtanaka@gmail.com","********",""
"","shongwethokozani76@gmail.com","********",""
"","mbalimlotsa0708@gmail.com","********",""
"","moletekatlego497@gmail.com","********",""
"","benztembo@gmail.com","********",""
"","nmatizanadzo@gmail.com","********",""
"","kristenkaluba@gmail.com","********",""
"","leemikundi39@gmail.com","********",""
"","duncanmthembu@gmail.com","********",""
"","happiekkopo@gmail.com","********",""
"","itirelenglekgaba@gmail.com","********",""
"","monyamane076@gmail.com","********",""
"","almosmusona@gmail.com","********",""
"","sihle.maseko111@gmail.com","********",""
"","tamaranachinnga@gmail.com","********",""
"","lokothwayonj@gmail.com","********",""
"","leviticusnyondo1@gmail.com","********",""
"","molemisiulapwa84@gmail.com","********",""
"","mulusaable38@gmail.com","********",""
"","kelmatsela@gmail.com","********",""
"","lungiswashongwe407@gmail.com","********",""
"","siwakhiletsabedze03@gmail.com","********",""
"","cavellmuza@gmail.com","********",""
"","billymozah23@gmail.com","********",""
"","patricianachande28@gmail.com","********",""
"","msimulubwa@gmail.com","********",""
"","nokwazinokuphila27@gmail.com","********",""
"","conbrecmanagement@gmail.com","********",""
"","gratitudengocho4@gmail.com","********",""
"","missdeevio@gmail.com","********",""
"","fortunebelinah@gmail.com","********",""
"","tribenshikoya@gmail.com","********",""
"","arnold.c.phiri@gmail.com","********",""
"","wadzanaimakanda@gmail.com","********",""
"","isrealmtonga@gmail.com","********",""
"","watchzulu8@gmail.com","********",""
"","laussyladdie@gmail.com","********",""
"","drsekgopi@gmail.com","********",""
"","echinania@gmail.com","********",""
"","willemsalomo@gmail.com","********",""
"","mukwindainnocentdaniels@gmail.com","********",""
"","sakalakaren780@gmail.com","********",""
"","sitalimuyana@gmail.com","********",""
"","mducash@gmail.com","********",""
"","busisekkankumbule@gmail.com","********",""
"","kubumpho@gmail.com","********",""
"","louischikeya744@gmail.com","********",""
"","amuchilanib@gmail.com","********",""
"","sandressmunkhuwa@gmail.com","********",""
"","mathatolephallo@gmail.com","********",""
"","revlungu@gmail.com","********",""
"","sarahmokhethi078@gmail.com","********",""
"","namumbwa72@gmail.com","********",""
"","icesharezw@gmail.com","********",""
"","ryle.tinashe@gmail.com","********",""
"","shanyindekenneth@gmail.com","********",""
"","milestrevor95@gmail.com","********",""
"","isaacbandaryan@gmail.com","********",""
"","magagulanoqolo6@gmail.com","********",""
"","mamolapontereke@gmail.com","********",""
"","bonnychitungo@gmail.com","********",""
"","faraimutanhu@gmail.com","********",""
"","bandajohanna50@gmail.com","********",""
"","ethubuhleloretosibanda@gmail.com","********",""
"","onwardtangwara17@gmail.com","********",""
"","tbanks95@gmail.com","********",""
"","morrismushili74@gmail.com","********",""
"","nkemba300@gmail.com","********",""
"","munyikwahtrust@gmail.com","********",""
"","lineosonopo@gmail.com","********",""
"","andresphiri2018@gmail.com","********",""
"","ncubewarrensifiso@gmail.com","********",""
"","kaaronda@gmail.com","********",""
"","tashingacubes@gmail.com","********",""
"","tsholo7070@gmail.com","********",""
"","emmanuelprinceje5@gmail.com","********",""
"","muzamaria07@gmail.com","********",""
"","mashataluwi.transfedu@gmail.com","********",""
"","thomassika@gmail.com","********",""
"","mandisakunene446@gmail.com","********",""
"","ashermwape01@gmail.com","********",""
"","ptrckmic@gmail.com","********",""
"","biggiemunanyanga@gmail.com","********",""
"","majempu@gmail.com","********",""
"","emmumba01@gmail.com","********",""
"","drpetelo@gmail.com","********",""
"","haindakag@gmail.com","********",""
"","mkandlaruzivethubelihle@gmail.com","********",""
"","karrenhakasenke22@gmail.com","********",""
"","konaselina4@gmail.com","********",""
"","fillemonaina14@gmail.com","********",""
"","gonzothelma@gmail.com","********",""
"","divinesammwanza@gmail.com","********",""
"","austinngoma35@gmail.com","********",""
"","gochitalu10@gmail.com","********",""
"","micladkalimukwa@gmail.com","********",""
"","maryachisapi@gmail.com","********",""
"","mwalesamson1@gmail.com","********",""
"","sullehmugala@gmail.com","********",""
"","josephinekangwam@gmail.com","********",""
"","aloismayeresa@gmail.com","********",""
"","varvanis@gmail.com","********",""
"","samathias01@gmail.com","********",""
"","tampokitlhokomelo4@gmail.com","********",""
"","wallacenyaku@gmail.com","********",""
"","dchishimba85@gmail.com","********",""
"","bandajoel622@gmail.com","********",""
"","chizhwendesean@gmail.com","********",""
"","mushikaedward0@gmail.com","********",""
"","choongomainza706@gmail.com","********",""
"","faithmusabila00@gmail.com","********",""
"","faiththabomanjaro@gmail.com","********",""
"","kfkavendi@gmail.com","********",""
"","mwilambwebupe@gmail.com","********",""
"","thandiemk5@gmail.com","********",""
"","brasselngwenyatshela@gmail.com","********",""
"","edmondjongwe@gmail.com","********",""
"","dlaminisiyan09@gmail.com","********",""
"","dsmndmaposa@gmail.com","********",""
"","chirariwo@gmail.com","********",""
"","vakatsha2064@gmail.com","********",""
"","magethj26@gmail.com","********",""
"","aimakhor@gmail.com","********",""
"","simonidiomedes@gmail.com","********",""
"","tlotlotango@gmail.com","********",""
"","lephuruhloana@gmail.com","********",""
"","nduully9@gmail.com","********",""
"","lukwesachishimba@gmail.com","********",""
"","rosinamamvura@gmail.com","********",""
"","kaviyainnocent8@gmail.com","********",""
"","sibusisobusibhekid@gmail.com","********",""
"","ntofombiyenkosisifundza@gmail.com","********",""
"","phatsoanemasetene@gmail.com","********",""
"","thnambinga@gmail.com","********",""
"","lwandabilly20@gmail.com","********",""
"","muzoreelgin645@gmail.com","********",""
"","shinganimafaaa@gmail.com","********",""
"","kasongorichard24@gmail.com","********",""
"","albertmbabvu@gmail.com","********",""
"","taahmusekwa98@gmail.com","********",""
"","likotsimotsamai@gmail.com","********",""
"","kondwanimainga912@gmail.com","********",""
"","emiyombo23@gmail.com","********",""
"","brianmazh@gmail.com","********",""
"","cleverjibelo@gmail.com","********",""
"","ngambi81@gmail.com","********",""
"","dmudzinganyama@gmail.com","********",""
"","molapisimagdelene@gmail.com","********",""
"","bkatema9@gmail.com","********",""
"","thobilemayisela567@gmail.com","********",""
"","aahangula@gmail.com","********",""
"","kambikambichileshe@gmail.com","********",""
"","lovenessmichelo46@gmail.com","********",""
"","mubebalukombon@gmail.com","********",""
"","jennyfanyana@gmail.com","********",""
"","kanwengokk@gmail.com","********",""
"","matafwali@gmail.com","********",""
"","pinkymngometulu@gmail.com","********",""
"","nomvuyo.fakudze@gmail.com","********",""
"","rejoicemosaunyana@gmail.com","********",""
"","khokaira598@gmail.com","********",""
"","ndumisomlangeni77@gmail.com","********",""
"","anockmsosa@gmail.com","********",""
"","mcleonardkabi2@gmail.com","********",""
"","lihlebahle031@gmail.com","********",""
"","victormwaba@gmail.com","********",""
"","davidzundi35@gmail.com","********",""
"","tinomahachi5@gmail.com","********",""
"","williechidz@gmail.com","********",""
"","monzechibeta@gmail.com","********",""
"","phillipmwadini65@gmail.com","********",""
"","valentinamasupha@gmail.com","********",""
"","kelebogilena306@gmail.com","********",""
"","runyararo36@gmail.com","********",""
"","mdzambavyn@gmail.com","********",""
"","skmafiri03@gmail.com","********",""
"","innocentmalekani86@gmail.com","********",""
"","matenguvictor88@gmail.com","********",""
"","veesek@gmail.com","********",""
"","ndhlovurachel324@gmail.com","********",""
"","zulunigelb@gmail.com","********",""
"","bernaalibimgazi@gmail.com","********",""
"","isaaczalira@gmail.com","********",""
"","mphozwane@gmail.com","********",""
"","kubungo.sylvester@gmail.com","********",""
"","shepherd23@gmail.com","********",""
"","vxxolord@gmail.com","********",""
"","nxusakeys0@gmail.com","********",""
"","cacymoi@gmail.com","********",""
"","mmolaiko@gmail.com","********",""
"","musukachizhika02@gmail.com","********",""
"","monnaoalintle@gmail.com","********",""
"","duberandallawakhiwe2024@gmail.com","********",""
"","chisebegeorge98@gmail.com","********",""
"","justicemutsereketaa@gmail.com","********",""
"","bongathinimzukhona@gmail.com","********",""
"","jeggazgwatinyanya@gmail.com","********",""
"","nicolthwala658@gmail.com","********",""
"","reitumetsemokoma23@gmail.com","********",""
"","margretmwape@gmail.com","********",""
"","sdumies@gmail.com","********",""
"","mkmiejoe6@gmail.com","********",""
"","nkhositemamndzebele@gmail.com","********",""
"","tshabalalaubrey@gmail.com","********",""
"","sncuben519@gmail.com","********",""
"","watyokam1@gmail.com","********",""
"","chikapulofrank@gmail.com","********",""
"","nangongoedwin@gmail.com","********",""
"","oliverlibonda@gmail.com","********",""
"","shaunbayanda48@gmail.com","********",""
"","gwebudumsilef@gmail.com","********",""
"","mthulisderere@gmail.com","********",""
"","mdulit86@gmail.com","********",""
"","neliswa.gwebu@gmail.com","********",""
"","abiyangulinga@gmail.com","********",""
"","liswankhosi@gmail.com","********",""
"","tembethabisom@gmail.com","********",""
"","ggondongwe5@gmail.com","********",""
"","philforhy@gmail.com","********",""
"","mushingemumba@gmail.com","********",""
"","sitholefredy80.sf@gmail.com","********",""
"","namhlazikode@gmail.com","********",""
"","blessedmcheri00@gmail.com","********",""
"","jekebrenden@gmail.com","********",""
"","hopesnuk@gmail.com","********",""
"","abijok23@gmail.com","********",""
"","ngonichari@gmail.com","********",""
"","intjamwambu@gmail.com","********",""
"","muchanetafmakombe@gmail.com","********",""
"","ntiyeboahnana@gmail.com","********",""
"","ritahbagcinile@gmail.com","********",""
"","thulintungwa@gmail.com","********",""
"","armygenjoel@gmail.com","********",""
"","ngulubep9@gmail.com","********",""
"","nompumelox126@gmail.com","********",""
"","bernchipuriro@gmail.com","********",""
"","aaronkatongo@gmail.com","********",""
"","lungelofisstoss@gmail.com","********",""
"","edsonmusiwa@gmail.com","********",""
"","elijahmwila169@gmail.com","********",""
"","mbezumamakhetha@gmail.com","********",""
"","kahilu.luneta@gmail.com","********",""
"","maranathamaranatha@gmail.com","********",""
"","gwinyai.madhodha@gmail.com","********",""
"","chiedzachikowore1@gmail.com","********",""
"","azonfred@gmail.com","********",""
"","maswatimbusosimelane@gmail.com","********",""
"","mulengapurity883@gmail.com","********",""
"","mwansasakala66@gmail.com","********",""
"","gawulao74@gmail.com","********",""
"","chagumabarbra@gmail.com","********",""
"","temavlane563@gmail.com","********",""
"","mthimkhuluw7@gmail.com","********",""
"","gugulukhele463@gmail.com","********",""
"","shabanguzinhle831@gmail.com","********",""
"","zulekaashley6@gmail.com","********",""
"","dorcasmnguni97@gmail.com","********",""
"","nicodimasmar@gmail.com","********",""
"","temusasimelane.9451@gmail.com","********",""
"","khulile.mhlanga963333@gmail.com","********",""
"","malymamba@gmail.com","********",""
"","mentormkoko@gmail.com","********",""
"","lethokuhlezwane979@gmail.com","********",""
"","ndeshihafelaerastus@gmail.com","********",""
"","lindahamudulubanda99@gmail.com","********",""
"","mubangamoses324@gmail.com","********",""
"","danielrabsonbanda4@gmail.com","********",""
"","smashiri63@gmail.com","********",""
"","mascelamanyala@gmail.com","********",""
"","daiseraymafara@gmail.com","********",""
"","dhliwayoprudence3@gmail.com","********",""
"","chigomash@gmail.com","********",""
"","josephvus87@gmail.com","********",""
"","rambanepasil@gmail.com","********",""
"","angieratie@gmail.com","********",""
"","destinylethokuhle@gmail.com","********",""
"","benjaminkashweka95@gmail.com","********",""
"","twintlnd0@gmail.com","********",""
"","nomasthole@gmail.com","********",""
"","mwansabinwell4@gmail.com","********",""
"","hsegolo@gmail.com","********",""
"","josephletlhogonolom@gmail.com","********",""
"","mbmogotsi38@gmail.com","********",""
"","bhamalaya25@gmail.com","********",""
"","jonathanchawa026@gmail.com","********",""
"","tonymuleya@gmail.com","********",""
"","allannkandu87@gmail.com","********",""
"","takuratadya2@gmail.com","********",""
"","tlhophothubego@gmail.com","********",""
"","leratosylviasello.lss@gmail.com","********",""
"","susikulutangu@gmail.com","********",""
"","abelsiuluta48@gmail.com","********",""
"","samsonphiri2121@gmail.com","********",""
"","moselemosele637@gmail.com","********",""
"","jamessamaimusa1@gmail.com","********",""
"","maziyalinda.lm@gmail.com","********",""
"","chileshebusinessmail@gmail.com","********",""
"","anitachisanga1@gmail.com","********",""
"","tatmarzy@gmail.com","********",""
"","dlaminiolebogeng@gmail.com","********",""
"","madindalaurencendehe@gmail.com","********",""
"","etchilimbiro@gmail.com","********",""
"","michealmoshanyana122@gmail.com","********",""
"","ananstasiasiakakaba@gmail.com","********",""
"","kissingtonncube@gmail.com","********",""
"","tidingzpasipamire.j@gmail.com","********",""
"","stonebebemuluso@gmail.com","********",""
"","kokonyanemolikeng@gmail.com","********",""
"","talkzee1@gmail.com","********",""
"","pmweemba16@gmail.com","********",""
"","kungile@gmail.com","********",""
"","nokukhanyamacilau52@gmail.com","********",""
"","jadenjam2005@gmail.com","********",""
"","jodiemasimba0@gmail.com","********",""
"","nthabisenggrey22@gmail.com","********",""
"","shaflipeace@gmail.com","********",""
"","mthandazochipandu0@gmail.com","********",""
"","mwiindemweene@gmail.com","********",""
"","ntunxphob@gmail.com","********",""
"","nvolonvolo@gmail.com","********",""
"","kimsiamapande6@gmail.com","********",""
"","simaubicharmine@gmail.com","********",""
"","chansabizo@gmail.com","********",""
"","knzukusimunyono@gmail.com","********",""
"","dinofriedman50@gmail.com","********",""
"","vkalenda.85@gmail.com","********",""
"","riaanfisokuhlendwandwe@gmail.com","********",""
"","chinakakelly27@gmail.com","********",""
"","rusereaspes@gmail.com","********",""
"","mgiliji14@gmail.com","********",""
"","mukumbadecide@gmail.com","********",""
"","evansmwamba@gmail.com","********",""
"","kgethoamantle@gmail.com","********",""
"","tinashejani3@gmail.com","********",""
"","rachealhibeenzu@gmail.com","********",""
"","molatuoatefelo@gmail.com","********",""
"","tebellomootisa2@gmail.com","********",""
"","lindanhlane83@gmail.com","********",""
"","mfumom341@gmail.com","********",""
"","jamesdinda883@gmail.com","********",""
"","eddysonchanda@gmail.com","********",""
"","godwinmalembeka1@gmail.com","********",""
"","chikwandacaristar9@gmail.com","********",""
"","musondaclementmayanda@gmail.com","********",""
"","charambapride1@gmail.com","********",""
"","dennymaposa@gmail.com","********",""
"","tomasnghifikwe@gmail.com","********",""
"","seluemvelase@gmail.com","********",""
"","moongamilimo517@gmail.com","********",""
"","mawmawsthera@gmail.com","********",""
"","fifadlamini15@gmail.com","********",""
"","gugulethuvalashiya82@gmail.com","********",""
"","tefonthibo@gmail.com","********",""
"","wakhilenkambule2@gmail.com","********",""
"","smisotsabadze70@gmail.com","********",""
"","itaimadyaruto@gmail.com","********",""
"","ncamsilesambo@gmail.com","********",""
"","mwavimbelanolwazi4@gmail.com","********",""
"","winniemusonda02@gmail.com","********",""
"","nduduzosibandze7@gmail.com","********",""
"","tsaonesharon@gmail.com","********",""
"","laronachaba@gmail.com","********",""
"","ladyfisher10@gmail.com","********",""
"","dlaminincamiso81@gmail.com","********",""
"","nqobilemngoony@gmail.com","********",""
"","sangweni2002@gmail.com","********",""
"","anoldnyoni40@gmail.com","********",""
"","hildamanda076@gmail.com","********",""
"","hlonihlatshwayo2015@gmail.com","********",""
"","csmapepe@gmail.com","********",""
"","ceciliabanda184@gmail.com","********",""
"","danai23shambare@gmail.com","********",""
"","nyaphisithato@gmail.com","********",""
"","eliasmwela@gmail.com","********",""
"","silweya33@gmail.com","********",""
"","dorcasmokoteli@gmail.com","********",""
"","siamakandopaul01@gmail.com","********",""
"","evansons10@gmail.com","********",""
"","tranoshove87@gmail.com","********",""
"","fillemonshidhika@hotmail.com","********",""
"","bgabanakgang@yahoo.com","********",""
"","tmolefe@wuc.bw","********",""
"","violetphasumane24@yahoo.com","********",""
"","makhzmatz@yahoo.co.uk","********",""
"","chakanetsa.nhutu@fbc.co.zm","********",""
"","kelvin.makayi@zacl.aero","********",""
"","dechakandinakira@outlook.com","********",""
"","giftedsibanyoni@icloud.com","********",""
"","zablon1@yahoo.com","********",""
"","harrison.hampongo@bayer.com","********",""
"","ncubenhlae@yahoo.com","********",""
"","jesseseponde@yahoo.com","********",""
"","allenmadara@outlook.com","********",""
"","jackmangwato@mail.com","********",""
"","al-gurunath@yahoo.com","********",""
"","mmwita@rbm.mw","********",""
"","babutsik@live.com","********",""
"","anotidaisheparere17@icloud.com","********",""
"","msegatlwane@outlook.com","********",""
"","patiencey2007@yahoo.co.uk","********",""
"","stallonemulen@gmail.com","********",""
"","omosiane@idm.ac.bw","********",""
"","samkelo.mathobela@bothouni.com","********",""
"","mshengucebile@yahoo.com","********",""
"","shaningas@stanbic.com","********",""
"","lucianokhware@yahoo.com","********",""
"","sobethusb@icloud.com","********",""
"","p.matla@rsl.org.ls","********",""
"","musawenkhosisifundza@yahoo.com","********",""
"","stebospeko@yahoo.com","********",""
"","wandilenkomo@yahoo.com","********",""
"","mlungisi.fakudze@bothouni.com","********",""
"","adelinaleoto@yahoo.com","********",""
"","methulankosenhle@icloud.com","********",""
"","benard.tatira@tongaat.com","********",""
"","arabangsamuel@icloud.com","********",""
"","makazajmakaza@outlook.com","********",""
"","ramokate@yahoo.com","********",""
"","rabindrasailu2021@gmail.com","********",""
"","tbtebogo@blumelrose.com","********",""
"","betsheba_mapepo@icloud.com","********",""
"","chikanetsanhutu@fbc.co.zw","********",""
"","kondowenatro@yahoo.com","********",""
"","nyirndaopani@mail.com","********",""
"","jaxfoxhill27@gmail.com","********",""
"","victormwaba04@gmail.com","********",""
"","mulengafernando902@gmail.com","********",""
"","samuelsekela7@gmail.com","********",""
"","sylviamwambila76@gmail.com","********",""
"","chishimbabupe36@gmail.com","********",""
"","josephchilu7@gmail.com","********",""
"","mwansangalas@gmail.com","********",""
"","chimwemwematiana@gmail.com","********",""
"","simaubicharmaine@gmail.com","********",""
"","nenjiviolet@gmail.com","********",""
"","suwilanjitembo32@gmail.com","********",""
"","christinemaswilili@gmail.com","********",""
"","innocentkaviya8@gmail.com","********",""
"","dorothymatongo6@gmail.com","********",""
"","amberktebogo@gmail.com","********",""
"","salmahabdi108@gmail.com","********",""
"","giftbanda5555@gmail.com","********",""
"","dorahramodisa@gmail.com","********",""
"","chilambwendakala20@gmail.com","********",""
"","narayani85mony@gmail.com","********",""
"","henrysichula01@gmail.com","********",""
"","georgemwilabule@gmail.com","********",""
"","blossommakhakhe26@gmail.com","********",""
"","nsamamastone@gmail.com","********",""
"","munyikwapm@gmail.com","********",""
"","linamwale@gmail.com","********",""
"","zulumatildah204@gmail.com","********",""
"","isrealchilu15@gmail.com","********",""
"","mwalemaclinaj@gmail.com","********",""
"","kakombo215@gmail.com","********",""
"","marymangabni04@gmail.com","********",""
"","mulengakatrina3@gmail.com","********",""
"","vanessakahale42@gmail.com","********",""
"","kennedydegreat4@gmail.com","********",""
"","vmkalonda@gmail.com","********",""
"","benedictchanda@gmail.com","********",""
"","legendmarkley@gmail.com","********",""
"","absonmulenga400@gmail.com","********",""
"","johnmwengunga3@gmail.com","********",""
"","madalaleonardo3@gmail.com","********",""
"","elninoengineering@gmail.com","********",""
"","pwkglobal@gmail.com","********",""
"","chipampekafwanka@gmail.com","********",""
"","ebonyanga@gmail.com","********",""
"","happyemmanuelmwambira@gmail.com","********",""
"","kwalapiishmael@gmail.com","********",""
"","nellykondowe@gmail.com","********",""
"","issahbakili2@gmail.com","********",""
"","chifunirosalamba@gmail.com","********",""
"","nyabawab@gmail.com","********",""
"","kazembethandiwe@gmail.com","********",""
"","jonathanchavinda@gmail.com","********",""
"","alfredelias1108@gmail.com","********",""
"","fatsanimisisri2@gmail.com","********",""
"","bannetchininga@gmail.com","********",""
"","musewubernard@gmail.com","********",""
"","kamodzicharles1@gmail.com","********",""
"","chifundochithenje@gmail.com","********",""
"","graykandota@gmail.com","********",""
"","mirriamsichinga34@gmail.com","********",""
"","enamukhonja2@gmail.com","********",""
"","markondhlovu14@gmail.com","********",""
"","kachalisamson@gmail.com","********",""
"","chimthikos@gmail.com","********",""
"","ovibinauli@gmail.com","********",""
"","cecilenkhoma@gmail.com","********",""
"","nyirongoagness@gmail.com","********",""
"","kalambobyfore@gmail.com","********",""
"","panditsilungwe@gmail.com","********",""
"","andrewkamanga4@gmail.com","********",""
"","hchitengubanda@gmail.com","********",""
"","carolinemwalughali@gmail.com","********",""
"","bchimthere@gmail.com","********",""
"","chirimbiromartin@gmail.com","********",""
"","whitengangasnr@gmail.com","********",""
"","biswassmalaidza@gmail.com","********",""
"","kumbukanzimba41@gmail.com","********",""
"","noelbkphiri@gmail.com","********",""
"","gerald.kayangejr@gmail.com","********",""
"","chimwemwekumwenda88@gmail.com","********",""
"","elsiemankhonja@gmail.com","********",""
"","loumsonkho@gmail.com","********",""
"","rodgers765@gmail.com","********",""
"","dummiekaphala7@gmail.com","********",""
"","mercygongwe99@gmail.com","********",""
"","lipisijustin@gmail.com","********",""
"","lushomwainonge@gmail.com","********",""
"","cmapepe@gmail.com","********",""
"","juniorchongo497@gmail.com","********",""
"","ivansons10@gmail.com","********",""
"","andrewnyoni40@gmail.com","********",""
"","claytonkebas@gmail.com","********",""
"","llambulira38@gmail.com","********",""
"","gwendolinemoyo@gmail.com","********",""
"","mlimamonica94@gmail.com","********",""
"","uelms2025@gmail.com","********",""
"","azod2011@gmail.com","********",""
"","kamwengokk@gmail.com","********",""
"","donmo2008@gmail.com","********",""
"","humanesejanamane@yahoo.com","********",""
"","wwadzanaimakanda@gmail.com","********",""
"","mandytameka@gmail.com","********",""
"","abigailkayeyi@gmail.com","********",""
"","rsikira@gmail.com","********",""
"","madzimureandy@gmail.com","********",""
"","mosiamatlhonolofatso@gmail.com","********",""
"","tulasi008@gmail.com","********",""
"","dennismwakasa@gmail.com","********",""
"","melomkaro@gmail.com","********",""
"","bmamungaire@yahoo.com","********",""
"","karandap76@gmail.com","********",""
"","sovereignpower9@gmail.com","********",""
"","lozreak99@gmail.com","********",""
"","nicolechigando@gmail.com","********",""
"","phutimfazo@gmail.com","********",""
"","paulkuyelakolala@yahoo.com","********",""
"","patriciagondwe07@gmail.com","********",""
"","mecobillogy@gmail.com","********",""
"","chilomunsanje7@mail.com","********",""
"","samwaus2005@yahoo.com","********",""
"","keresepekeetile@yahoo.com","********",""
"","allin@agrifeedafrica.co.zw","********",""
"","munyaradzichitsa@yahoo.com","********",""
"","eaganmuvwimi@rocketmail.com","********",""
"","restersututu@gmail.com","********",""
"","edrickbwalya@gmail.com","********",""
"","tiinashemada@gmail.com","********",""
"","abelsichilindi64@gmail.com","********",""
"","bandaagrippayasson@gmail.com","********",""
"","cgabanamotse@gmail.com","********",""
"","hanifuhassan01@gmail.com","********",""
"","mathabelolethena@gmail.com","********",""
"","chidomaproud@gmail.com","********",""
"","dbiri80@gmail.com","********",""
"","bertronicltd@gmail.com","********",""
"","lombedanny1999@gmail.com","********",""
"","tenelethandodlamini.co.sz@gmail.com","********",""
"","aniphermbimbi@gmail.com","********",""
"","mathersloveokaha0@gmail.com","********",""
"","judithgasebone04@gmail.com","********",""
"","lawpaksaluminiums@gmail.com","********",""
"","jackmangwato@gmail.com","********",""
"","lungiswamabuza025@gmail.com","********",""
"","hachigantat@gmail.com","********",""
"","hlapanethato@gmail.com","********",""
"","nenetsebedze@gmail.com","********",""
"","gmwewa@gmail.com","********",""
"","pruth3875@gmail.com","********",""
"","sukwafelida@gmail.com","********",""
"","donaldpatu@gmail.com","********",""
"","manfredkono@gmail.com","********",""
"","chirwafridah@gmail.com","********",""
"","keemelintttarata@gmail.com","********",""
"","noordeenomar9@gmail.com","********",""
"","mahlemaxusie87@gmail.com","********",""
"","penzuze@gmail.com","********",""
"","goratashowa@gmail.com","********",""
"","kaboyaoneruele@gmail.com","********",""
"","chombadaniel152@gmail.com","********",""
"","visioneka2030@gmail.com","********",""
"","jessychips33@gmail.com","********",""
"","jonathanmusukwa0@gmail.com","********",""
"","dimbanchimunya95@gmail.com","********",""
"","jkeabilwe@gmail.com","********",""
"","noziphonkomo397@gmail.com","********",""
"","bertha09@gmail.com","********",""
"","bnyaruwa@gmail.com","********",""
"","vainithomas2001@gmail.com","********",""
"","mhautemo@gmail.com","********",""
"","methuselahchiyena@gmail.com","********",""
"","jonas.shilongo1995@gmail.com","********",""
"","sindimoa@gmail.com","********",""
"","blessings99@gmail.com","********",""
"","sekelilyayo@gmail.com","********",""
"","weavermwansa1@gmail.com","********",""
"","dnlmlambo@gmail.com","********",""
"","mittiabel21@gmail.com","********",""
"","drsinkalav@gmail.com","********",""
"","raisibemathaba@gmail.com","********",""
"","mapulangalisho@gmail.com","********",""
"","alfredmakevaa@gmail.com","********",""
"","amanjera@gmail.com","********",""
"","leahmkandawire@gmail.com","********",""
"","ndangarampyasecondary@gmail.com","********",""
"","jeffersonmuleya@gmail.com","********",""
"","henrybmasauli83@gmail.com","********",""
"","hunstubazumbe@gmail.com","********",""
"","ngakaemangkm@gmail.com","********",""
"","amapharing@gmail.com","********",""
"","aackimbanda@gmail.com","********",""
"","chaziledlamini07@gmail.com","********",""
"","nalishuwamicheal@gmail.com","********",""
"","charismachibamba@gmail.com","********",""
"","matthewchimutunga@gmail.com","********",""
"","maposachester@gmail.com","********",""
"","chishala.solwezi@gmail.com","********",""
"","mayenziwentimane@gmail.com","********",""
"","donaldchada@gmail.com","********",""
"","maposaf30@gmail.com","********",""
"","maambochrispin7@gmail.com","********",""
"","innocentkamoza1@gmail.com","********",""
"","sakhilendl13@gmail.com","********",""
"","mfundomkhonta@gmail.com","********",""
"","rabanyanawame012@gmail.com","********",""
"","keemeclinttarata@gmail.com","********",""
"","timm84mark@gmail.com","********",""
"","ckalengo5@gmail.com","********",""
"","morganchat7@gmail.com","********",""
"","elishasefasi@gmail.com","********",""
"","jchitafi@gmail.com","********",""
"","dwalaprince@gmail.com","********",""
"","thulisileshabangu4@gmail.com","********",""
"","thaylets@gmail.com","********",""
"","nanye.fosa@gmail.com","********",""
"","justnekalenga@gmail.com","********",""
"","lungiletsela49@gmail.com","********",""
"","owenmaks@rocketmail.com","********",""
"","tshepomoola@live.com","********",""
"","chisala.solwezi@gmail.com","********",""
"","msyaliannie16@gmail.com","********",""
"","ghamkilemtsetfwa@gmail.com","********",""
"","thusomotswagole874@gmail.com","********",""
"","kalombobyfore@gmail.com","********",""
"","nduduzobandze7@gmail.com","********",""
"","cecilennkhoma@gmail.com","********",""
"","uppe.zalira1@gmail.com","********",""
"","abigailkafula64@gmail.com","********",""
"","khulile.mhlanga9633@gmail.com","********",""
"","ngambid81@gmail.com","********",""
"","japhetskalunga97@gmail.com","********",""
"","innocentkandoonda2003@gmail.com","********",""
"","sampaseverin@gmail.com","********",""
"","dhaquirjunior@gmail.com","********",""
"","musukachizhika@gmail.com","********",""
"","agnesshamusonde50@gmail.com","********",""
"","mangenelalebogang@gmail.com","********",""
"","alfredmakeva@gmail.com","********",""
"","charleskajinga64@gmail.com","********",""
"","ppmuzenda@gmail.com","********",""
"","danai23shabare@gmail.com","********",""
"","hunterjose780@gmail.com","********",""
"","musondaclementmyanyanda@gmail.com","********",""
"","elimpoh@gmail.com","********",""
"","tdbanks95@gmail.com","********",""
"","karabofokothi843@gmail.com","********",""
"","ellen.i@gmx.de","********",""
"","elizamphosi@outlook.com","********",""
"","lephuruhloana402@gmail.com","********",""
"","lungilena@gmail.com","********",""
"","nalishuwamichael@gmail.com","********",""
"","khokayira598@gmail.com","********",""
"","tomasnghifikwa@gmail.com","********",""
"","mothersloveokahao@gmail.com","********",""
"","ndagarampyasecondary@gmail.com","********",""
"","berther09@gmail.com","********",""
"","blessing99shonga@gmail.com","********",""
"","mukefumbelom@gmail.com","********",""
"","hovekarico@gmail.com","********",""
"","lucymwadula@gmail.com","********",""
"","thamaranachinnga@gmail.com","********",""
"","ntdanderson@gmail.com","********",""
"","soorya@gmail.com","********",""
"","mmarikaravi9@gmail.com","********",""
"","bravesichamba@gmail.com","********",""
"","quanaty1975@gmail.com","********",""
"","matanda.delvine@gmail.com","********",""
"","skampata@gmail.com","********",""
"","sizaprecious90@gmail.com","********",""
"","chipoabhasi@yahoo.com","********",""
"","collininvestment@hotmail.com","********",""
"","godywatungwa@gmail.com","********",""
"","vherukainobert84@gmail.com","********",""
"","noqolonoxymagagula6@gmail.com","********",""
"","chansatreasure@gmail.com","********",""
"","lailaleen21@gmail.com","********",""
"","parkeredward560@gmail.com","********",""
"","mubangashimusaka01@gmail.com","********",""
"","kumkamanga@gmail.com","********",""
"","petermoono61@gmail.com","********",""
"","enamumakhonja2@gmail.com","********",""
"","jennykalamula@gmail.com","********",""
"","saboiotshiamo@gmail.com","********",""
"","ropafadzomandizvidza5@gmail.com","********",""
"","sshaninga411@gmail.com","********",""
"","brainmaliseni6@gmail.com","********",""
"","sthobymt@gmail.com","********",""
"","tolpherndopu@gmail.com","********",""
"","rmakusha5@gmail.com","********",""
"","makukula78@gmail.com","********",""
"","kumwimbajustin@gmail.com","********",""
"","samsonmubangahh@gmail.com","********",""
"","malamalawrence395@gmail.com","********",""
"","sikaongabrian668@gmail.com","********",""
"","hainguramath@gmail.com","********",""
"","kotopetseeke@gmail.com","********",""
"","chingwebangwe@gmail.com","********",""
"","sruwona@gmail.com","********",""
"","charleschendela@gmail.com","********",""
"","shupikai.maziya1@gmail.com","********",""
"","prexxhini@gmail.com","********",""
"","kotopetseepe@gmail.com","********",""
"","ramakhulam@gmail.com","********",""
"","andrewmwana@gmail.com","********",""
"","olivermusharu91@gmail.com","********",""
"","rewardmasiyawa25@gmail.com","********",""
"","mathesbf@gmail.com","********",""
"","wmaphalala@gmail.com","********",""
"","gmaini10@gmail.com","********",""
"","denny.nsokolo@hea.org.zm","********",""
"","eddiegothaang@gmail.com","********",""
"","anisheap@gmail.com","********",""
"","marthachanda056@gmail.com","********",""
"","mukondaandrew61@gmail.com","********",""
"","joyphiri30@gmail.com","********",""
"","japhetmwiinde@gmail.com","********",""
"","patrickmuzgatama@gmail.com","********",""
"","chipo.mutandwa19@gmail.com","********",""
"","martin.mushumba@hea.org.zm","********",""
"","royalprincess0781@gmail.com","********",""
"","puseletsomahoete@gmail.com","********",""
"","louisagustinemkwatula@gmail.com","********",""
"","zulueras@gmail.com","********",""
"","sefiwaernest11@gmail.com","********",""
"","allanjere6@gmail.com","********",""
"","angybanda08@gmail.com","********",""
"","anthonyngwira@gmail.com","********",""
"","bandamoses121@gmail.com","********",""
"","blentezare@gmail.com","********",""
"","bpkeletso@gmail.com","********",""
"","brightmwale265@gmail.com","********",""
"","bspolidorian100@gmail.com","********",""
"","chaanguntilima@gmail.com","********",""
"","chamwaliralyson3@gmail.com","********",""
"","chandareginah139@gmail.com","********",""
"","chikondichikonga@gmail.com","********",""
"","chimbalangarhoda@gmail.com","********",""
"","chimhitra@gmail.com","********",""
"","chimpenimacdonald@gmail.com","********",""
"","chinganigrace@gmail.com","********",""
"","chinsinsimpaso67@gmail.com","********",""
"","chiposi@gmail.com","********",""
"","chiromofreeman91@gmail.com","********",""
"","chokhothopatrick@gmail.com","********",""
"","chungavincent2014@gmail.com","********",""
"","climacy1982@gmail.com","********",""
"","csaimunema@gmail.com","********",""
"","dumietheguru@gmail.com","********",""
"","ecrypted5@gmail.com","********",""
"","esteramoomo04@gmail.com","********",""
"","estermagano04@gmail.com","********",""
"","florencemusonda@gmail.com","********",""
"","fredrickchinsakaso@gmail.com","********",""
"","gariremocaroline@gmail.com","********",""
"","gladysstima@gmail.com","********",""
"","gracerehema5@gmail.com","********",""
"","haroldmichelo@gmail.com","********",""
"","isayamwaseba@gmail.com","********",""
"","itumelengmosoaboli@gmail.com","********",""
"","iyaloomushinga@gmail.com","********",""
"","jacquechireya@gmail.com","********",""
"","jasperchisi@gmail.com","********",""
"","javismwale225@gmail.com","********",""
"","jkalonga23@gmail.com","********",""
"","juliusbanda1@gmail.com","********",""
"","kabwechisanga5@gmail.com","********",""
"","kadisobanda@gmail.com","********",""
"","kaliwoagatha@gmail.com","********",""
"","kaliwohrhodrick@gmail.com","********",""
"","kelvinkavala@gmail.com","********",""
"","kisniourp@gmail.com","********",""
"","kwamdera@gmail.com","********",""
"","lemekezani40@gmail.com","********",""
"","libisengchakela@gmail.com","********",""
"","likathomark@gmail.com","********",""
"","limbichaluluka@gmail.com","********",""
"","lindaingaiyaloo@gmail.com","********",""
"","magombobilliat1@gmail.com","********",""
"","magombojames@gmail.com","********",""
"","mantim784@gmail.com","********",""
"","martinchikoti@gmail.com","********",""
"","masukubongekile28@gmail.com","********",""
"","mazimbachanza@gmail.com","********",""
"","mcanthonyndau89@gmail.com","********",""
"","memorydube0792@gmail.com","********",""
"","mervynfrancistembo@gmail.com","********",""
"","mimiekings@gmail.com","********",""
"","misonzipophiwa@gmail.com","********",""
"","missrodgers186@gmail.com","********",""
"","mitchelldiaho25@gmail.com","********",""
"","mkwandatapiwa5@gmail.com","********",""
"","mndzebelepile@gmail.com","********",""
"","mogomotsikgomotso11@gmail.com","********",""
"","mohammedhussein17390@gmail.com","********",""
"","molosiwaoanthata@gmail.com","********",""
"","morrissianga@gmail.com","********",""
"","mpatsomwanza@gmail.com","********",""
"","mtonio.chisangalalo@gmail.com","********",""
"","mulememory93@gmail.com","********",""
"","mumbaprotacial@gmail.com","********",""
"","mungonicatherine@gmail.com","********",""
"","mvulaflorence5@gmail.com","********",""
"","nalukuinasilele15@gmail.com","********",""
"","nchalimba28@gmail.com","********",""
"","ngavaite020668@gmail.com","********",""
"","ngcamphalalasinenkhosi84@gmail.com","********",""
"","nicholaslebo4@gmail.com","********",""
"","noblemwamba1@gmail.com","********",""
"","odalamponela@gmail.com","********",""
"","ogbeidealexandra6@gmail.com","********",""
"","paulchibichabo37@gmail.com","********",""
"","paulinekandere@gmail.com","********",""
"","pauljaymwanza@gmail.com","********",""
"","pexnambahu8@gmail.com","********",""
"","piliranibanda88@gmail.com","********",""
"","preciousspawe77@gmail.com","********",""
"","prudencemulama9@gmail.com","********",""
"","rachealmwape038@gmail.com","********",""
"","reubenlumanomatanda24@gmail.com","********",""
"","romancethawi@gmail.com","********",""
"","ruzidzotichaona@gmail.com","********",""
"","sanelisiwemelane04@gmail.com","********",""
"","sanelisiwesimelane04@gmail.com","********",""
"","seqhibollastebo@gmail.com","********",""
"","sileti33@gmail.com","********",""
"","sungenigeorge@gmail.com","********",""
"","susankhondowe76@gmail.com","********",""
"","suwalialbert@gmail.com","********",""
"","taizya.m.24@gmail.com","********",""
"","taonganyasulu89@gmail.com","********",""
"","thatodiahom@gmail.com","********",""
"","thatomotleleng1980@gmail.com","********",""
"","thetiwemuhome@gmail.com","********",""
"","thirumarah2005@gmail.com","********",""
"","tsokolo.khooana58@gmail.com","********",""
"","yammertaurus@gmail.com","********",""
"","yvonemponda01@gmail.com","********",""
"","zuberimanda6@gmail.com","********",""
"","chipulu06@icloud.com","********",""
"","langton@africatruenorth.com","********",""
"","lkazembe@mra.mw","********",""
"","lindaingaiyahoo@mail.com","********",""
"","minatomalumbe@outlook.com","********",""
"","mpendulovilakati18@outlook.com","********",""
"","jamesbandah@yahoo.com","********",""
"","kundaterrence3@gmail.com","********",""
"","angelakalenga2@gmail.com","********",""
"","omulewa@gmail.com","********",""
"","chislungu@gmail.com","********",""
"","kalemak955@gmail.com","********",""
"","barnabassichalwe@yahoo.com","********",""
"","hngozoo@rbm.mw","********",""
"","schihana@egenco.mw","********",""
"","surya19@gmail.com","********",""
"","hardonyes@yahoo.com","********",""
"","kalalukaferdinand257@gmail.com","********",""
"","lungiled04@gmail.com","********",""
"","petermungo.harawa@gmail.com","********",""
"","ndumindu83@gmail.com","********",""
"","sinyindamoses3@gmail.com","********",""
"","mazibukomduduzi89@gmail.com","********",""
"","headboi26@gmail.com","********",""
"","emmanuelbupe@gmail.com","********",""
"","lawsonchris19@yahoo.com","********",""
"","rorisangmohale27@gmail.com","********",""
"","surya@gmail.com","********",""
"","ppp@gmail.com","********",""
"","thandekayon@gmail.com","********",""
"","shawermbewe2@gmail.com","********",""
"","henrybertoncanada@gmail.com","********",""
"","pricilla.step@gmail.com","********",""
"","magagulanzinstor@gmail.com","********",""
"","chamboko.tobias@gmail.com","********",""
"","eliudmulenga19@gmail.com","********",""
"","wendyinyambo2@gmail.com","********",""
"","masekochipie2@gmail.com","********",""
"","mwaper163r@gmail.com","********",""
"","framaxy@gmail.com","********",""
"","martinambewe3@gmail.com","********",""
"","blessingsmbobo@gmail.com","********",""
"","muziyagazilami@gmail.com","********",""
"","patiencelinzi@gmail.com","********",""
"","bandarichard241@gmail.com","********",""
"","chisochings@gmail.com","********",""
"","mrboycemodibati@gmail.com","********",""
"","tsefena2020@gmail.com","********",""
"","josephkmudenda@gmail.com","********",""
"","kabeloselialia0@gmail.com","********",""
"","kusullasimeon@gmail.com","********",""
"","sacwebezela@gmail.com","********",""
"","abu12@gmail.com","********",""
"","sitholeprosper@gmail.com","********",""
"","yonakahyata22@gmail.com","********",""
"","shiremacnell@yahoo.com","********",""
"","itumelengprincemphosi@gmail.com","********",""
"","patiencematlhole88@gmail.com","********",""
"","gadzikwaayanda@gmail.com","********",""
"","sandilehlatshwako7@gmail.com","********",""
"","langazelwenkambule@gmail.com","********",""
"","mulondabrian@yahoo.com","********",""
"","shakhanepokane@gmail.com","********",""
"","matarisejoseph7@gmail.com","********",""
"","sahraabdihersi@gmail.com","********",""
"","ehpmpho@gmail.com","********",""
"","ngalandemadalitso@hotmail.com","********",""
"","lindaingaiyaloo@mail.com","********",""
"","mxondisimsuthu@gmail.com","********",""
"","maccosomuntu@gmail.com","********",""
"","mwizamtambo@gmail.com","********",""
"","reubenchilenje56@gmail.com","********",""
"","kaongaennylisa@gmail.com","********",""
"","abu1@gmail.com","********",""
"","mutintajoy4@gmail.com","********",""
"","madhumeyeukai@gmail.com","********",""
"","lovenesschilikumwendo@gmail.com","********",""
"","romeochitsoga@gmail.com","********",""
"","samchatangwa350@gmail.com","********",""
"","thabo0978990943@gmail.com","********",""
"","cathmagalanga@gmail.com","********",""
"","mhlangasifisoszmo1@gmail.com","********",""
"","wezisamuelm@yahoo.com","********",""
"","angieemajawa@gmail.com","********",""
"","dpartemba4@gmail.com","********",""
"","benjaminphiri@gmail.com","********",""
"","mtisungenjonga46@gmail.com","********",""
"","muchimbaclem@gmail.com","********",""
"","estherkandunde@gmail.com","********",""
"","inesskapira74@gmail.com","********",""
"","alexandermorra79@gmail.com","********",""
"","pchirwa732@gmail.com","********",""
"","davidsiwali@gmail.com","********",""
"","abigailmusonda09@gmail.com","********",""
"","harrisonmwale@outlook.com","********",""
"","stewardnamundo@gmail.com","********",""
"","pricila.step@gmail.com","********",""
"","kunenevusani76862330@gmail.com","********",""
"","inesskapira.74@gmail.com","********",""
"","julietsimbeye@gmail.com","********",""
"","muchimbaclment@gmail.com","********",""
"","sahdrabdihersi@gmail.com","********",""
"","kasengekendrick90@gmail.com","********",""
"","fsigwuke@gmail.com","********",""
"","aubreykafula65@gmail.com","********",""
"","ukhashajr@gmail.com","********",""
"","melidahtejane8@gmail.com","********",""
"","sanelisiwesimelane04@gmal.com","********",""
"","itumelengemosoaboli@gmail.com","********",""
"","skhosanakhanya41@gmail.com","********",""
"","mariamushinga@gmail.com","********",""
"","ruzvidzotichaona440@gmail.com","********",""
"","sandilehlatshwako@gmail.com","********",""
"","kalalukaferdinad@gmail.com","********",""
"","bmkminerals@gmail.com","********",""
"","gonisac@gmail.com","********",""
"","pmohoshela@gmail.com","********",""
"","fredkayanda6@gmail.com","********",""
"","masinalucky@gmail.com","********",""
"","sengafountain@gmail.com","********",""
"","mambasasablair@gmail.com","********",""
"","simukokocurran@gmail.com","********",""
"","mrcoolgee@gmail.com","********",""
"","robertkangwachi@gmail.com","********",""
"","johnchilala@hotmail.com","********",""
"","ngoyeg64@gmail.com","********",""
"","glorymudolo@yahoo.com","********",""
"","merlmordaunt1@gmail.com","********",""
"","kondwaniphirik@gmail.com","********",""
"","kasengekedrick90@gmail.com","********",""
"","ainafuntua114@gmail.com","********",""
"","mavishama@gmail.com","********",""
"","stdtest@gmail.com","********",""
"","ellenritamkondowe@gmail.com","********",""
"","marthachilumbwa@gmail.com","********",""
"","chifinhufamily@gmail.com","********",""
"rolex","rolex@gmail.com","********","mca"
